trajectory,signal,varied,h,delta,sigma2,reference,summary,n_no_alarm,min_alarm,median_alarm,max_alarm,frac_before_event,frac_at_first_post_event_pair
1H9T,Mean Z,baseline,0.015,0.1,1.0,powerlaw,101 (200 runs),0,101.0,101.0,101.0,0.0,1.0
1H9T,Mean Z,h,0.01,0.1,1.0,powerlaw,101 (200 runs),0,101.0,101.0,101.0,0.0,1.0
1H9T,Mean Z,h,0.02,0.1,1.0,powerlaw,101 (200 runs),0,101.0,101.0,101.0,0.0,1.0
1H9T,Mean Z,delta,0.015,0.05,1.0,powerlaw,101 (200 runs),0,101.0,101.0,101.0,0.0,1.0
1H9T,Mean Z,delta,0.015,0.2,1.0,powerlaw,"none (61 runs), 105 (50), 107 (48), 109 (19), 111 (15), 103 (4), 113 (3)",61,103.0,107.0,113.0,0.0,0.0
1H9T,Mean Z,sigma2,0.015,0.1,0.5,powerlaw,101 (200 runs),0,101.0,101.0,101.0,0.0,1.0
1H9T,Mean Z,sigma2,0.015,0.1,2.0,powerlaw,"107 (101 runs), 105 (93), 109 (6)",0,105.0,107.0,109.0,0.0,0.0
1H9T,RMSD from frame 1,baseline,0.015,0.1,1.0,powerlaw,"3 (156 runs), 5 (30), 7 (10), 9 (2), 11 (1), 15 (1)",0,3.0,3.0,15.0,1.0,0.0
1H9T,RMSD from frame 1,h,0.01,0.1,1.0,powerlaw,"3 (156 runs), 5 (30), 7 (10), 9 (2), 11 (1), 15 (1)",0,3.0,3.0,15.0,1.0,0.0
1H9T,RMSD from frame 1,h,0.02,0.1,1.0,powerlaw,"3 (155 runs), 5 (31), 7 (10), 9 (2), 11 (1), 15 (1)",0,3.0,3.0,15.0,1.0,0.0
1H9T,RMSD from frame 1,delta,0.015,0.05,1.0,powerlaw,"3 (168 runs), 5 (23), 7 (8), 9 (1)",0,3.0,3.0,9.0,1.0,0.0
1H9T,RMSD from frame 1,delta,0.015,0.2,1.0,powerlaw,"3 (135 runs), 5 (44), 7 (9), 9 (3), 11 (3), 13 (1), 17 (1), 19 (1), 23 (1), 27 (1), 41 (1)",0,3.0,3.0,41.0,1.0,0.0
1H9T,RMSD from frame 1,sigma2,0.015,0.1,0.5,powerlaw,"3 (161 runs), 5 (26), 7 (9), 9 (2), 11 (1), 15 (1)",0,3.0,3.0,15.0,1.0,0.0
1H9T,RMSD from frame 1,sigma2,0.015,0.1,2.0,powerlaw,"3 (140 runs), 5 (39), 7 (10), 9 (3), 11 (3), 13 (1), 17 (1), 19 (1), 23 (1), 27 (1)",0,3.0,3.0,27.0,1.0,0.0
1H9T,Frame-to-frame RMSD after superposition,baseline,0.015,0.1,1.0,norm,none (200 runs),200,,,,0.0,0.0
1H9T,Frame-to-frame RMSD after superposition,h,0.01,0.1,1.0,norm,none (200 runs),200,,,,0.0,0.0
1H9T,Frame-to-frame RMSD after superposition,h,0.02,0.1,1.0,norm,none (200 runs),200,,,,0.0,0.0
1H9T,Frame-to-frame RMSD after superposition,delta,0.015,0.05,1.0,norm,none (200 runs),200,,,,0.0,0.0
1H9T,Frame-to-frame RMSD after superposition,delta,0.015,0.2,1.0,norm,none (200 runs),200,,,,0.0,0.0
1H9T,Frame-to-frame RMSD after superposition,sigma2,0.015,0.1,0.5,norm,none (200 runs),200,,,,0.0,0.0
1H9T,Frame-to-frame RMSD after superposition,sigma2,0.015,0.1,2.0,norm,none (200 runs),200,,,,0.0,0.0
1H9T,Radius of gyration,baseline,0.015,0.1,1.0,powerlaw,"none (64 runs), 151 (42), 147 (38), 149 (30), 145 (18), 143 (8)",64,143.0,149.0,151.0,0.0,0.0
1H9T,Radius of gyration,h,0.01,0.1,1.0,powerlaw,"147 (42 runs), none (38), 151 (37), 145 (32), 149 (32), 143 (16), 141 (3)",38,141.0,147.0,151.0,0.0,0.0
1H9T,Radius of gyration,h,0.02,0.1,1.0,powerlaw,"none (80 runs), 151 (56), 149 (27), 147 (22), 145 (12), 143 (3)",80,143.0,149.0,151.0,0.0,0.0
1H9T,Radius of gyration,delta,0.015,0.05,1.0,powerlaw,"127 (47 runs), 129 (45), 131 (37), 125 (26), 133 (23), 135 (12), 123 (7), 137 (3)",0,123.0,129.0,137.0,0.0,0.0
1H9T,Radius of gyration,delta,0.015,0.2,1.0,powerlaw,none (200 runs),200,,,,0.0,0.0
1H9T,Radius of gyration,sigma2,0.015,0.1,0.5,powerlaw,"125 (46 runs), 127 (42), 129 (34), 131 (29), 123 (20), 133 (12), 121 (8), 119 (4), 135 (4), 137 (1)",0,119.0,127.0,137.0,0.0,0.0
1H9T,Radius of gyration,sigma2,0.015,0.1,2.0,powerlaw,none (200 runs),200,,,,0.0,0.0
1FME,Mean Z,baseline,0.015,0.1,1.0,gamma,none (200 runs),200,,,,0.0,0.0
1FME,Mean Z,h,0.01,0.1,1.0,gamma,none (200 runs),200,,,,0.0,0.0
1FME,Mean Z,h,0.02,0.1,1.0,gamma,none (200 runs),200,,,,0.0,0.0
1FME,Mean Z,delta,0.015,0.05,1.0,gamma,none (200 runs),200,,,,0.0,0.0
1FME,Mean Z,delta,0.015,0.2,1.0,gamma,none (200 runs),200,,,,0.0,0.0
1FME,Mean Z,sigma2,0.015,0.1,0.5,gamma,none (200 runs),200,,,,0.0,0.0
1FME,Mean Z,sigma2,0.015,0.1,2.0,gamma,none (200 runs),200,,,,0.0,0.0
1FME,RMSD from frame 1,baseline,0.015,0.1,1.0,lognorm,"1003 (128 runs), 1005 (36), 1007 (16), 1029 (5), 1027 (3), 1031 (3), 1015 (2), 1009 (1), 1021 (1), 1013 (1), 1011 (1), 1025 (1), 1023 (1), 1033 (1)",0,1003.0,1003.0,1033.0,1.0,0.0
1FME,RMSD from frame 1,h,0.01,0.1,1.0,lognorm,"1003 (133 runs), 1005 (36), 1007 (14), 1029 (4), 1027 (2), 1031 (2), 1015 (2), 1009 (1), 1021 (1), 1013 (1), 1011 (1), 1025 (1), 1023 (1), 1033 (1)",0,1003.0,1003.0,1033.0,1.0,0.0
1FME,RMSD from frame 1,h,0.02,0.1,1.0,lognorm,"1003 (128 runs), 1005 (36), 1007 (14), 1029 (5), 1031 (4), 1027 (3), 1015 (2), 1009 (2), 1021 (1), 1013 (1), 1011 (1), 1025 (1), 1023 (1), 1033 (1)",0,1003.0,1003.0,1033.0,1.0,0.0
1FME,RMSD from frame 1,delta,0.015,0.05,1.0,lognorm,"1003 (157 runs), 1005 (32), 1007 (9), 1009 (1), 1015 (1)",0,1003.0,1003.0,1015.0,1.0,0.0
1FME,RMSD from frame 1,delta,0.015,0.2,1.0,lognorm,"1003 (71 runs), 1005 (27), 1031 (21), 1007 (15), 1029 (15), 1027 (9), 1033 (6), 1035 (4), 1037 (3), 1087 (3), 1057 (2), 1009 (2), 1195 (2), 1023 (1), 1015 (1), 1021 (1), 1053 (1), 1049 (1), 1047 (1), 1055 (1), 1117 (1), 1135 (1), 1137 (1), 1101 (1), 1141 (1), 1143 (1), 1157 (1), 1151 (1), 1179 (1), 1251 (1), 1287 (1), 1323 (1), 1325 (1)",0,1003.0,1007.0,1325.0,1.0,0.0
1FME,RMSD from frame 1,sigma2,0.015,0.1,0.5,lognorm,"1003 (157 runs), 1005 (33), 1007 (8), 1009 (1), 1015 (1)",0,1003.0,1003.0,1015.0,1.0,0.0
1FME,RMSD from frame 1,sigma2,0.015,0.1,2.0,lognorm,"1003 (68 runs), 1005 (27), 1031 (20), 1007 (16), 1029 (15), 1027 (9), 1033 (8), 1035 (4), 1037 (3), 1055 (3), 1195 (3), 1087 (3), 1057 (2), 1009 (2), 1023 (1), 1021 (1), 1049 (1), 1015 (1), 1097 (1), 1075 (1), 1135 (1), 1137 (1), 1141 (1), 1101 (1), 1143 (1), 1151 (1), 1157 (1), 1179 (1), 1251 (1), 1287 (1), 1323 (1)",0,1003.0,1007.0,1323.0,1.0,0.0
1FME,Frame-to-frame RMSD after superposition,baseline,0.015,0.1,1.0,lognorm,none (200 runs),200,,,,0.0,0.0
1FME,Frame-to-frame RMSD after superposition,h,0.01,0.1,1.0,lognorm,none (200 runs),200,,,,0.0,0.0
1FME,Frame-to-frame RMSD after superposition,h,0.02,0.1,1.0,lognorm,none (200 runs),200,,,,0.0,0.0
1FME,Frame-to-frame RMSD after superposition,delta,0.015,0.05,1.0,lognorm,"none (199 runs), 36205 (1)",199,36205.0,36205.0,36205.0,0.0,0.0
1FME,Frame-to-frame RMSD after superposition,delta,0.015,0.2,1.0,lognorm,none (200 runs),200,,,,0.0,0.0
1FME,Frame-to-frame RMSD after superposition,sigma2,0.015,0.1,0.5,lognorm,"none (195 runs), 36205 (4), 9147 (1)",195,9147.0,36205.0,36205.0,0.0,0.0
1FME,Frame-to-frame RMSD after superposition,sigma2,0.015,0.1,2.0,lognorm,none (200 runs),200,,,,0.0,0.0
1FME,Radius of gyration,baseline,0.015,0.1,1.0,norm,"1639 (23 runs), 1641 (20), 1685 (16), 1687 (9), 2127 (8), 1689 (8), 1407 (8), 1997 (6), 1411 (5), 1409 (5), 1691 (5), 1771 (4), 1673 (4), 1961 (4), 1993 (3), 1291 (3), 1675 (3), 1677 (2), 1693 (2), 1769 (2), 2031 (2), 1695 (2), 1087 (2), 1005 (2), 1289 (2), 1325 (2), 1637 (2), 1089 (2), 1293 (2), 2125 (2), 2201 (2), 2197 (2), 1655 (1), 1643 (1), 1583 (1), 1627 (1), 1477 (1), 1329 (1), 1323 (1), 1457 (1), 1337 (1), 1085 (1), 1007 (1), 1093 (1), 1233 (1), 1163 (1), 1307 (1), 1309 (1), 1003 (1), 1879 (1), 1799 (1), 1659 (1), 1657 (1), 1853 (1), 1959 (1), 1931 (1), 1995 (1), 1963 (1), 1939 (1), 2033 (1), 2129 (1), 2131 (1), 1037 (1), 1053 (1), 2187 (1), 2185 (1), 2203 (1), 2217 (1)",0,1003.0,1673.0,2217.0,1.0,0.0
1FME,Radius of gyration,h,0.01,0.1,1.0,norm,"1641 (23 runs), 1639 (21), 1685 (11), 1687 (10), 1407 (9), 1691 (7), 1411 (6), 1689 (6), 1409 (5), 1291 (5), 1673 (4), 1675 (4), 1005 (4), 1003 (4), 2127 (4), 1293 (3), 1771 (3), 1637 (3), 1961 (3), 1997 (3), 1087 (3), 1693 (2), 1993 (2), 1677 (2), 2031 (2), 2033 (2), 1627 (2), 1323 (2), 1289 (2), 1089 (2), 1085 (2), 1853 (2), 1583 (1), 1457 (1), 1477 (1), 1517 (1), 1325 (1), 1309 (1), 1337 (1), 1329 (1), 1307 (1), 1053 (1), 1007 (1), 1031 (1), 1163 (1), 1161 (1), 1093 (1), 1233 (1), 1769 (1), 1695 (1), 1643 (1), 1659 (1), 1657 (1), 1655 (1), 1881 (1), 1799 (1), 1959 (1), 1931 (1), 1923 (1), 1907 (1), 1995 (1), 1963 (1), 2065 (1), 1037 (1), 2125 (1), 2131 (1), 2185 (1), 2201 (1), 2203 (1)",0,1003.0,1641.0,2203.0,1.0,0.0
1FME,Radius of gyration,h,0.02,0.1,1.0,norm,"1639 (21 runs), 1641 (18), 1685 (14), 1687 (11), 1689 (9), 2127 (8), 1407 (8), 1997 (7), 1691 (6), 1771 (6), 2187 (6), 1411 (5), 1961 (4), 2201 (4), 2129 (4), 1675 (3), 1993 (3), 2125 (3), 1853 (2), 1693 (2), 1695 (2), 1087 (2), 1291 (2), 1677 (2), 1409 (2), 1637 (2), 1673 (2), 1769 (2), 2197 (2), 2185 (2), 2203 (2), 2219 (2), 1659 (1), 1643 (1), 1655 (1), 1657 (1), 1477 (1), 1457 (1), 1627 (1), 1583 (1), 1289 (1), 1233 (1), 1309 (1), 1293 (1), 1323 (1), 1325 (1), 1329 (1), 1337 (1), 1089 (1), 1037 (1), 1163 (1), 1093 (1), 1005 (1), 1709 (1), 1879 (1), 1923 (1), 1963 (1), 1931 (1), 1927 (1), 1995 (1), 2061 (1), 2033 (1), 2131 (1), 2199 (1)",0,1005.0,1685.0,2219.0,1.0,0.0
1FME,Radius of gyration,delta,0.015,0.05,1.0,norm,"1003 (39 runs), 1005 (24), 1085 (23), 1291 (8), 1087 (7), 1053 (6), 1031 (6), 1033 (6), 1409 (5), 1007 (5), 1079 (4), 1323 (4), 1293 (4), 1009 (3), 1037 (3), 1287 (3), 1161 (2), 1111 (2), 1407 (2), 1027 (2), 1083 (2), 1029 (2), 1035 (2), 1089 (2), 1411 (2), 1131 (1), 1071 (1), 1051 (1), 1017 (1), 1069 (1), 1057 (1), 1113 (1), 1207 (1), 1201 (1), 1193 (1), 1185 (1), 1163 (1), 1147 (1), 1139 (1), 1265 (1), 1289 (1), 1279 (1), 1277 (1), 1305 (1), 1309 (1), 1233 (1), 1255 (1), 1239 (1), 1327 (1), 1325 (1), 1311 (1), 1333 (1), 1329 (1), 1449 (1), 1487 (1), 1519 (1), 1549 (1)",0,1003.0,1055.0,1549.0,1.0,0.0
1FME,Radius of gyration,delta,0.015,0.2,1.0,norm,"2203 (23 runs), 2413 (21), 2411 (17), 2241 (14), 2219 (11), 2415 (10), 2409 (8), 2201 (8), 2317 (7), 2407 (6), 3277 (6), 2267 (4), 2243 (4), 3349 (4), 3243 (4), 2343 (4), 2453 (3), 2417 (3), 3279 (3), 3245 (3), 2269 (3), 2237 (3), 2345 (2), 2315 (2), 2451 (2), 3241 (2), 2379 (2), 2377 (2), 2419 (2), 2221 (2), 2199 (1), 2215 (1), 2373 (1), 2273 (1), 2375 (1), 2187 (1), 2127 (1), 1997 (1), 2129 (1), 2223 (1), 3275 (1), 3237 (1), 2421 (1), 3281 (1), 4157 (1)",0,1997.0,2379.0,4157.0,1.0,0.0
1FME,Radius of gyration,sigma2,0.015,0.1,0.5,norm,"1003 (47 runs), 1005 (26), 1085 (21), 1033 (12), 1053 (11), 1007 (8), 1037 (7), 1079 (6), 1031 (6), 1087 (5), 1009 (4), 1035 (3), 1163 (3), 1291 (3), 1027 (2), 1083 (2), 1185 (2), 1161 (2), 1051 (2), 1029 (2), 1295 (2), 1323 (2), 1069 (1), 1017 (1), 1147 (1), 1139 (1), 1193 (1), 1207 (1), 1239 (1), 1129 (1), 1105 (1), 1089 (1), 1287 (1), 1265 (1), 1255 (1), 1289 (1), 1293 (1), 1309 (1), 1311 (1), 1325 (1), 1329 (1), 1407 (1), 1409 (1), 1549 (1)",0,1003.0,1033.0,1549.0,1.0,0.0
1FME,Radius of gyration,sigma2,0.015,0.1,2.0,norm,"2413 (21 runs), 2411 (19), 2203 (18), 2241 (11), 2415 (11), 2219 (10), 2409 (9), 3277 (9), 3243 (7), 2201 (7), 2317 (6), 3279 (6), 3245 (5), 2267 (5), 2407 (5), 2453 (5), 2243 (4), 3349 (4), 3241 (3), 2419 (2), 2417 (2), 2343 (2), 2269 (2), 2221 (2), 2375 (2), 2379 (2), 2421 (2), 2315 (1), 2337 (1), 1997 (1), 2215 (1), 2199 (1), 2451 (1), 2349 (1), 2373 (1), 2377 (1), 2223 (1), 2237 (1), 3237 (1), 3247 (1), 3275 (1), 3249 (1), 3281 (1), 3351 (1), 4157 (1), 4159 (1)",0,1997.0,2411.0,4159.0,1.0,0.0
